{
  "id": "bahrain",
  "name": "bahrain",
  "bacingerId": "bh-2002",
  "svgPath": "M 69.55,476.62 L 76.58,224.02 L 83.25,58.58 L 86.39,51.17 L 92.98,50.00 L 100.10,51.92 L 105.42,55.83 L 139.56,90.42 L 148.85,93.92 L 159.03,93.17 L 218.42,73.92 L 232.65,72.34 L 245.53,73.17 L 635.09,148.59 L 648.42,152.51 L 655.53,159.93 L 657.25,169.43 L 655.91,178.43 L 651.49,188.60 L 643.10,198.85 L 633.36,207.10 L 620.03,217.35 L 573.08,252.27 L 535.34,291.52 L 526.05,300.61 L 518.56,313.52 L 501.71,351.69 L 495.95,359.95 L 487.04,365.78 L 478.20,370.53 L 464.05,372.11 L 421.44,365.03 L 409.90,365.45 L 398.00,367.78 L 388.19,372.86 L 376.28,383.86 L 289.79,493.46 L 281.40,500.96 L 269.42,502.88 L 261.93,497.04 L 259.23,485.21 L 259.68,467.21 L 280.50,343.03 L 292.48,265.27 L 294.28,249.94 L 292.03,235.77 L 288.96,225.18 L 282.75,214.60 L 247.25,183.93 L 242.38,181.60 L 237.07,183.10 L 234.00,188.60 L 221.12,284.52 L 217.60,348.53 L 211.38,463.62 L 206.96,583.88 L 202.47,693.48 L 204.27,711.48 L 211.38,722.15 L 222.46,727.98 L 237.96,731.15 L 253.92,729.98 L 273.84,726.06 L 294.28,716.23 L 311.50,704.06 L 328.35,686.81 L 338.61,669.89 L 357.63,620.39 L 368.27,599.55 L 378.45,587.38 L 391.78,576.38 L 407.73,566.55 L 429.90,561.05 L 454.24,560.63 L 471.54,564.63 L 494.60,575.63 L 555.33,605.80 L 567.76,614.89 L 578.40,625.47 L 583.72,635.30 L 590.31,646.31 L 590.31,656.14 L 584.99,666.31 L 574.35,676.56 L 559.75,687.56 L 99.65,945.25 L 91.26,949.58 L 77.93,950.00 L 72.17,944.50 L 51.80,901.25 L 50.00,883.99 L 50.45,851.41 L 56.22,672.64 L 69.55,476.62 Z",
  "viewBox": {
    "x": 30,
    "y": 30,
    "width": 647.253426661361,
    "height": 940.0000000000001
  },
  "transform": {
    "translateX": 0,
    "translateY": 0,
    "scaleX": 1,
    "scaleY": 1,
    "rotation": 0
  },
  "drsZones": [],
  "sectorBoundaries": [],
  "corners": [],
  "startFinishLine": {
    "x1": 0,
    "y1": 0,
    "x2": 0,
    "y2": 0
  }
}