{
  "id": "jacarepagua",
  "name": "jacarepagua",
  "bacingerId": "br-1977",
  "svgPath": "M 444.98,117.31 L 642.47,118.69 L 669.58,121.94 L 690.20,131.75 L 708.61,151.65 L 719.44,170.45 L 724.89,192.11 L 724.89,216.37 L 720.21,239.88 L 705.37,258.68 L 690.54,274.23 L 670.26,281.82 L 659.43,282.93 L 550.59,279.97 L 531.75,287.01 L 520.58,297.93 L 512.23,310.15 L 508.65,325.71 L 508.31,456.61 L 513.34,472.35 L 521.27,483.93 L 531.41,494.02 L 549.14,503.46 L 565.08,507.07 L 583.83,508.18 L 597.64,507.07 L 620.05,494.76 L 744.75,407.64 L 795.55,355.70 L 806.80,344.13 L 808.59,334.69 L 808.25,191.65 L 814.73,176.84 L 833.14,167.48 L 857.01,164.89 L 885.22,176.56 L 903.72,183.13 L 923.24,184.52 L 938.75,172.21 L 950.00,149.80 L 949.23,127.03 L 936.96,107.49 L 919.57,93.42 L 904.40,87.22 L 761.20,57.22 L 368.18,50.00 L 120.15,57.22 L 96.62,65.55 L 77.10,78.61 L 63.38,96.29 L 55.37,116.57 L 50.00,137.12 L 50.34,154.52 L 52.13,174.80 L 55.37,192.85 L 64.06,209.52 L 76.00,226.46 L 91.17,240.90 L 108.90,252.84 L 135.32,261.18 L 169.33,269.14 L 195.67,276.73 L 204.36,285.62 L 214.50,301.54 L 216.12,315.52 L 213.91,333.20 L 191.49,455.13 L 190.47,467.72 L 190.81,483.65 L 194.05,495.59 L 200.18,509.29 L 207.77,520.87 L 217.23,528.46 L 320.79,607.98 L 333.07,612.61 L 346.45,612.98 L 362.39,609.00 L 375.77,600.39 L 388.81,584.10 L 392.73,570.03 L 397.08,292.10 L 391.71,278.77 L 382.25,269.69 L 367.84,261.73 L 139.50,207.20 L 126.46,196.00 L 118.53,180.82 L 115.21,164.89 L 120.66,147.21 L 128.25,133.42 L 141.63,122.58 L 161.49,116.47 L 444.98,117.31 Z",
  "viewBox": {
    "x": 30,
    "y": 30,
    "width": 939.9999999999999,
    "height": 602.9829020064407
  },
  "transform": {
    "translateX": 0,
    "translateY": 0,
    "scaleX": 1,
    "scaleY": 1,
    "rotation": 0
  },
  "drsZones": [],
  "sectorBoundaries": [],
  "corners": [],
  "startFinishLine": {
    "x1": 0,
    "y1": 0,
    "x2": 0,
    "y2": 0
  }
}