{
  "id": "losail",
  "name": "losail",
  "bacingerId": "qa-2004",
  "svgPath": "M 183.79,594.74 L 89.46,422.06 L 52.45,355.04 L 50.00,342.50 L 51.59,329.49 L 56.30,319.39 L 63.70,312.00 L 75.08,305.29 L 88.11,303.26 L 100.41,305.50 L 194.55,362.63 L 203.55,365.14 L 215.41,365.54 L 229.06,361.54 L 240.07,351.24 L 246.37,339.99 L 247.90,328.61 L 245.76,246.54 L 247.10,235.35 L 250.47,225.73 L 254.99,216.51 L 261.48,208.92 L 395.76,60.10 L 403.16,54.07 L 414.60,50.88 L 425.61,50.00 L 436.80,52.91 L 445.55,58.06 L 485.44,96.15 L 489.90,104.22 L 491.92,115.26 L 491.49,124.89 L 488.80,134.31 L 482.99,142.78 L 395.76,238.61 L 391.96,245.59 L 391.72,253.18 L 393.74,259.89 L 398.02,264.83 L 404.32,268.83 L 413.01,269.98 L 419.06,268.22 L 426.95,264.63 L 579.34,203.64 L 589.31,202.55 L 601.61,204.31 L 611.94,208.99 L 620.02,217.12 L 624.97,227.42 L 626.93,237.59 L 626.75,246.54 L 623.81,255.08 L 617.57,264.97 L 612.37,269.85 L 600.51,279.54 L 587.29,294.72 L 576.28,309.97 L 567.10,326.23 L 559.70,345.28 L 555.48,358.29 L 550.95,381.13 L 547.16,390.89 L 540.68,399.16 L 533.70,404.37 L 524.34,408.58 L 437.72,429.65 L 430.14,434.13 L 424.32,439.28 L 420.96,447.82 L 419.61,456.08 L 421.14,468.55 L 430.56,480.89 L 446.71,497.22 L 471.61,516.20 L 497.61,530.97 L 524.04,540.39 L 550.46,546.02 L 576.28,548.25 L 604.48,545.54 L 733.93,531.17 L 745.79,533.68 L 759.50,540.19 L 770.02,548.25 L 779.87,561.67 L 809.90,617.52 L 812.35,627.14 L 812.35,635.88 L 811.00,645.03 L 804.77,656.69 L 758.15,731.91 L 752.28,737.54 L 743.59,741.54 L 734.60,744.25 L 722.49,743.77 L 573.65,713.75 L 563.07,713.75 L 552.54,716.87 L 543.61,722.97 L 537.31,730.76 L 433.68,932.31 L 425.36,941.94 L 415.94,947.76 L 402.30,950.00 L 391.96,948.85 L 381.87,944.58 L 371.59,935.63 L 183.79,594.74 Z",
  "viewBox": {
    "x": 30,
    "y": 30,
    "width": 802.350798128798,
    "height": 940.0000000000001
  },
  "transform": {
    "translateX": 0,
    "translateY": 0,
    "scaleX": 1,
    "scaleY": 1,
    "rotation": 0
  },
  "drsZones": [],
  "sectorBoundaries": [],
  "corners": [],
  "startFinishLine": {
    "x1": 0,
    "y1": 0,
    "x2": 0,
    "y2": 0
  }
}