{
  "id": "rodriguez",
  "name": "rodriguez",
  "bacingerId": "mx-1962",
  "svgPath": "M 214.36,62.76 L 437.68,93.77 L 510.11,103.28 L 586.40,110.14 L 623.17,114.72 L 718.05,128.11 L 883.39,152.67 L 917.48,159.54 L 923.30,161.82 L 926.38,164.46 L 927.95,168.69 L 928.34,172.58 L 922.13,213.51 L 922.91,217.11 L 924.87,220.37 L 942.28,229.81 L 947.32,232.44 L 950.00,236.67 L 950.00,240.63 L 946.53,266.16 L 941.10,289.05 L 932.60,311.25 L 922.91,331.23 L 847.01,460.05 L 756.00,602.95 L 750.17,612.73 L 749.39,618.63 L 750.57,623.55 L 753.32,627.16 L 780.40,643.81 L 783.09,646.44 L 783.48,650.68 L 781.58,654.28 L 776.94,658.51 L 726.16,696.81 L 721.12,699.10 L 716.87,699.72 L 713.01,698.40 L 703.72,692.51 L 702.15,688.62 L 702.15,680.78 L 725.38,499.59 L 725.05,494.04 L 722.69,488.84 L 719.23,484.53 L 713.79,480.65 L 686.71,463.93 L 677.02,455.12 L 671.20,449.22 L 665.38,438.13 L 659.16,421.75 L 653.01,411.97 L 646.01,405.11 L 638.29,400.18 L 627.82,395.60 L 544.13,382.84 L 534.84,379.92 L 529.08,375.00 L 526.34,371.74 L 524.05,367.16 L 513.18,333.52 L 509.72,326.93 L 504.29,320.75 L 490.74,312.57 L 428.78,279.20 L 410.92,271.71 L 385.01,265.46 L 177.39,235.36 L 173.14,233.76 L 170.85,231.13 L 168.89,226.89 L 168.50,221.34 L 165.03,168.00 L 160.77,131.09 L 159.20,126.86 L 156.13,123.88 L 151.88,121.94 L 146.44,122.56 L 140.62,127.83 L 133.23,138.93 L 128.97,142.19 L 123.94,144.14 L 118.18,143.86 L 111.57,140.87 L 103.85,137.27 L 96.46,134.98 L 61.25,131.09 L 55.43,129.15 L 52.68,126.86 L 50.39,122.56 L 50.00,118.33 L 52.29,108.20 L 57.33,94.81 L 63.94,83.64 L 73.62,70.26 L 84.87,61.10 L 99.20,53.88 L 112.36,50.35 L 125.11,50.00 L 143.70,52.29 L 214.36,62.76 Z",
  "viewBox": {
    "x": 30,
    "y": 30,
    "width": 940.0000000000001,
    "height": 689.7203259066462
  },
  "transform": {
    "translateX": 0,
    "translateY": 0,
    "scaleX": 1,
    "scaleY": 1,
    "rotation": 0
  },
  "drsZones": [],
  "sectorBoundaries": [],
  "corners": [],
  "startFinishLine": {
    "x1": 0,
    "y1": 0,
    "x2": 0,
    "y2": 0
  }
}